{
  "audit_timestamp": "2026-02-15T19:07:30.150552",
  "auditor": "SEOBAIKE SelfAuditor v2.0（完整版）",
  "patent": "TW-115100981",
  "company": "小路光有限公司",
  "ceo": "許竣翔",
  "version": "2.0 — 10/10 項全部真正實作",
  "security_score": 72,
  "grade": "C",
  "total_checks": 10,
  "implemented_checks": 10,
  "unimplemented_checks": 0,
  "vulnerable_count": 3,
  "safe_count": 7,
  "findings": [
    {
      "vulnerability": {
        "id": "VULN-001",
        "name": "Prompt Injection 風險",
        "severity": "critical",
        "description": "惡意使用者可能透過精心設計的提示詞注入，讓 AI 繞過安全限制。",
        "check_method": "scan_for_injection_patterns",
        "deduction": 15
      },
      "result": {
        "vulnerable": false,
        "findings": [],
        "has_input_sanitization": true,
        "note_zh": "掃描到 0 個注入模式，防護機制已偵測到"
      },
      "status": "SAFE",
      "score_impact": 0
    },
    {
      "vulnerability": {
        "id": "VULN-002",
        "name": "API 金鑰洩漏風險",
        "severity": "critical",
        "description": "程式碼或日誌中可能包含明文 API 金鑰。",
        "check_method": "scan_for_api_keys",
        "deduction": 15
      },
      "result": {
        "vulnerable": true,
        "findings": [
          {
            "file": ".\\.mcp.json",
            "type": "Supabase Access Token",
            "count": 1,
            "pattern_preview": "sbp_[a-zA-Z0-9]{30,}"
          },
          {
            "file": ".\\chat.html",
            "type": "JWT Token",
            "count": 1,
            "pattern_preview": "[\"\\']eyJ[a-zA-Z0-9_-]{10,}\\.[a-zA-Z0-9_-"
          },
          {
            "file": ".\\command-center.html",
            "type": "JWT Token",
            "count": 1,
            "pattern_preview": "[\"\\']eyJ[a-zA-Z0-9_-]{10,}\\.[a-zA-Z0-9_-"
          },
          {
            "file": ".\\dashboard.html",
            "type": "JWT Token",
            "count": 1,
            "pattern_preview": "[\"\\']eyJ[a-zA-Z0-9_-]{10,}\\.[a-zA-Z0-9_-"
          },
          {
            "file": ".\\dual-dashboard.html",
            "type": "JWT Token",
            "count": 1,
            "pattern_preview": "[\"\\']eyJ[a-zA-Z0-9_-]{10,}\\.[a-zA-Z0-9_-"
          },
          {
            "file": ".\\index.html",
            "type": "JWT Token",
            "count": 1,
            "pattern_preview": "[\"\\']eyJ[a-zA-Z0-9_-]{10,}\\.[a-zA-Z0-9_-"
          },
          {
            "file": ".\\nvidia-chat.html",
            "type": "JWT Token",
            "count": 1,
            "pattern_preview": "[\"\\']eyJ[a-zA-Z0-9_-]{10,}\\.[a-zA-Z0-9_-"
          },
          {
            "file": ".\\streamlit-dashboard.py",
            "type": "JWT Token",
            "count": 1,
            "pattern_preview": "[\"\\']eyJ[a-zA-Z0-9_-]{10,}\\.[a-zA-Z0-9_-"
          },
          {
            "file": ".\\system-monitor.py",
            "type": "JWT Token",
            "count": 1,
            "pattern_preview": "[\"\\']eyJ[a-zA-Z0-9_-]{10,}\\.[a-zA-Z0-9_-"
          },
          {
            "file": ".\\pages-site\\assets\\index-BedVsTGe.js",
            "type": "JWT Token",
            "count": 4,
            "pattern_preview": "[\"\\']eyJ[a-zA-Z0-9_-]{10,}\\.[a-zA-Z0-9_-"
          },
          {
            "file": ".\\py_backup\\streamlit-dashboard.py",
            "type": "JWT Token",
            "count": 1,
            "pattern_preview": "[\"\\']eyJ[a-zA-Z0-9_-]{10,}\\.[a-zA-Z0-9_-"
          },
          {
            "file": ".\\py_backup\\system-monitor.py",
            "type": "JWT Token",
            "count": 1,
            "pattern_preview": "[\"\\']eyJ[a-zA-Z0-9_-]{10,}\\.[a-zA-Z0-9_-"
          }
        ],
        "note_zh": "在 12 個位置發現硬編碼金鑰"
      },
      "status": "VULNERABLE",
      "score_impact": -15
    },
    {
      "vulnerability": {
        "id": "VULN-003",
        "name": "資料外洩風險",
        "severity": "high",
        "description": "敏感資料可能透過日誌、錯誤訊息或回應意外洩漏。",
        "check_method": "scan_for_data_leaks",
        "deduction": 10
      },
      "result": {
        "vulnerable": true,
        "findings": [
          {
            "file": ".\\設備安裝報告.md",
            "type": "信用卡號碼",
            "count": 1
          },
          {
            "file": ".\\pages-site\\assets\\index-BedVsTGe.js",
            "type": "信用卡號碼",
            "count": 7
          },
          {
            "file": ".\\pages-site\\assets\\index-BedVsTGe.js",
            "type": "明文密碼",
            "count": 2
          },
          {
            "file": ".\\supabase\\tests\\oauth_mcp_example_l4.py",
            "type": "明文密鑰",
            "count": 1
          },
          {
            "file": ".\\supabase\\tests\\test_aml_kyc_l4.py",
            "type": "台灣身分證字號",
            "count": 1
          }
        ],
        "note_zh": "發現 5 個潛在資料洩漏點"
      },
      "status": "VULNERABLE",
      "score_impact": -10
    },
    {
      "vulnerability": {
        "id": "VULN-004",
        "name": "權限提升風險",
        "severity": "high",
        "description": "使用者可能嘗試冒充更高權限角色（如 boss、regulator）。",
        "check_method": "check_permission_escalation",
        "deduction": 10
      },
      "result": {
        "vulnerable": false,
        "checks": {
          "has_auth_middleware": true,
          "has_role_checks": true,
          "has_db_role_lookup": true,
          "has_rls_policies": true,
          "has_boss_only_protection": false
        },
        "passed": "4/5",
        "details": [
          "找到 lookupAuth/authenticate 認證函式",
          "找到角色層級檢查（boss/admin/user）",
          "找到資料庫角色查詢",
          "找到 auth 中間件檔案：['auth.test.ts', 'auth.ts']",
          "找到 RLS 政策：001_l1_l4_constraint_layers.sql"
        ],
        "note_zh": "權限防護 4/5 項通過，達標"
      },
      "status": "SAFE",
      "score_impact": 0
    },
    {
      "vulnerability": {
        "id": "VULN-005",
        "name": "SQL Injection 風險",
        "severity": "high",
        "description": "動態組合的 SQL 查詢可能被注入惡意指令。",
        "check_method": "scan_for_sql_injection",
        "deduction": 10
      },
      "result": {
        "vulnerable": false,
        "findings": [],
        "safe_query_count": 406,
        "note_zh": "未發現 SQL 注入風險，406 個安全參數化查詢"
      },
      "status": "SAFE",
      "score_impact": 0
    },
    {
      "vulnerability": {
        "id": "VULN-006",
        "name": "DoS 攻擊風險",
        "severity": "medium",
        "description": "大量請求可能造成服務中斷。",
        "check_method": "check_rate_limiting",
        "deduction": 5
      },
      "result": {
        "vulnerable": false,
        "checks": {
          "has_rate_limiter_code": true,
          "has_rate_limiter_test": true,
          "has_request_size_limit": true
        },
        "passed": "3/3",
        "details": [
          "找到 rate-limiter.test.ts 測試",
          "找到限速程式碼：monitor_tasks.py",
          "找到請求大小限制：index-BedVsTGe.js"
        ],
        "note_zh": "DoS 防護 3/3 項通過"
      },
      "status": "SAFE",
      "score_impact": 0
    },
    {
      "vulnerability": {
        "id": "VULN-007",
        "name": "日誌注入風險",
        "severity": "medium",
        "description": "使用者輸入可能被寫入日誌，導致日誌偽造。",
        "check_method": "check_log_injection",
        "deduction": 5
      },
      "result": {
        "vulnerable": false,
        "findings": [
          {
            "file": ".\\pages-site\\assets\\index-BedVsTGe.js",
            "type": "console.log 含使用者輸入",
            "count": 30
          },
          {
            "file": ".\\pages-site\\assets\\index-BedVsTGe.js",
            "type": "Python print 含使用者輸入",
            "count": 1
          }
        ],
        "has_structured_logging": true,
        "note_zh": "發現 2 個日誌注入風險點，但有結構化日誌作緩解"
      },
      "status": "SAFE",
      "score_impact": 0
    },
    {
      "vulnerability": {
        "id": "VULN-008",
        "name": "依賴套件漏洞",
        "severity": "medium",
        "description": "第三方套件可能存在已知漏洞。",
        "check_method": "check_dependencies",
        "deduction": 5
      },
      "result": {
        "vulnerable": false,
        "findings": [],
        "checks": {
          "has_lockfile": true,
          "has_known_vulnerable_deps": false,
          "has_unpinned_python_deps": false
        },
        "note_zh": "依賴套件檢查通過"
      },
      "status": "SAFE",
      "score_impact": 0
    },
    {
      "vulnerability": {
        "id": "VULN-009",
        "name": "跨站腳本 (XSS) 風險",
        "severity": "medium",
        "description": "前端輸出可能未正確過濾，允許腳本注入。",
        "check_method": "scan_for_xss",
        "deduction": 5
      },
      "result": {
        "vulnerable": false,
        "findings": [
          {
            "file": ".\\chat.html",
            "type": "innerHTML 直接賦值",
            "count": 4
          },
          {
            "file": ".\\command-center.html",
            "type": "innerHTML 直接賦值",
            "count": 1
          },
          {
            "file": ".\\dashboard.html",
            "type": "innerHTML 直接賦值",
            "count": 2
          },
          {
            "file": ".\\dual-dashboard.html",
            "type": "innerHTML 直接賦值",
            "count": 2
          },
          {
            "file": ".\\index.html",
            "type": "innerHTML 直接賦值",
            "count": 2
          },
          {
            "file": ".\\nvidia-chat.html",
            "type": "innerHTML 直接賦值",
            "count": 4
          },
          {
            "file": ".\\self_audit.py",
            "type": "React dangerouslySetInnerHTML",
            "count": 2
          },
          {
            "file": ".\\self_audit.py",
            "type": "eval() 使用",
            "count": 1
          },
          {
            "file": ".\\self_audit.py",
            "type": "new Function() 使用",
            "count": 1
          },
          {
            "file": ".\\avatar-3d\\index.html",
            "type": "innerHTML 直接賦值",
            "count": 1
          },
          {
            "file": ".\\pages-site\\ecosystem.html",
            "type": "innerHTML 直接賦值",
            "count": 2
          },
          {
            "file": ".\\pages-site\\seobaike-widget.js",
            "type": "innerHTML 直接賦值",
            "count": 5
          },
          {
            "file": ".\\pages-site\\assets\\index-BedVsTGe.js",
            "type": "innerHTML 直接賦值",
            "count": 4
          },
          {
            "file": ".\\pages-site\\assets\\index-BedVsTGe.js",
            "type": "React dangerouslySetInnerHTML",
            "count": 17
          }
        ],
        "security_headers": [
          "CSP",
          "X-Content-Type-Options",
          "X-XSS-Protection"
        ],
        "has_security_headers": true,
        "note_zh": "發現 14 個 XSS 風險點，但有安全標頭：CSP, X-Content-Type-Options, X-XSS-Protection"
      },
      "status": "SAFE",
      "score_impact": 0
    },
    {
      "vulnerability": {
        "id": "VULN-010",
        "name": "不安全的隨機數生成",
        "severity": "low",
        "description": "使用 random 而非 secrets 模組可能導致可預測性。",
        "check_method": "check_random_usage",
        "deduction": 3
      },
      "result": {
        "vulnerable": true,
        "findings": [
          {
            "file": ".\\monitor_tasks.py",
            "type": "Python random 模組",
            "count": 1,
            "has_safe_alternative_in_file": false
          },
          {
            "file": ".\\self_audit.py",
            "type": "JS Math.random()",
            "count": 1,
            "has_safe_alternative_in_file": false
          },
          {
            "file": ".\\system-monitor.py",
            "type": "Python random 模組",
            "count": 1,
            "has_safe_alternative_in_file": false
          },
          {
            "file": ".\\task_generator.py",
            "type": "Python random 模組",
            "count": 1,
            "has_safe_alternative_in_file": true
          },
          {
            "file": ".\\avatar-3d\\index.html",
            "type": "JS Math.random()",
            "count": 4,
            "has_safe_alternative_in_file": false
          },
          {
            "file": ".\\pages-site\\assets\\index-BedVsTGe.js",
            "type": "JS Math.random()",
            "count": 68,
            "has_safe_alternative_in_file": true
          },
          {
            "file": ".\\py_backup\\monitor_tasks.py",
            "type": "Python random 模組",
            "count": 1,
            "has_safe_alternative_in_file": false
          },
          {
            "file": ".\\py_backup\\system-monitor.py",
            "type": "Python random 模組",
            "count": 1,
            "has_safe_alternative_in_file": false
          },
          {
            "file": ".\\py_backup\\task_generator.py",
            "type": "Python random 模組",
            "count": 1,
            "has_safe_alternative_in_file": true
          }
        ],
        "has_safe_random_elsewhere": true,
        "note_zh": "發現 9 個不安全隨機數使用（6 個無替代方案）"
      },
      "status": "VULNERABLE",
      "score_impact": -3
    }
  ],
  "integrity_note": "所有 10 項安全檢查均為真正實作，無「預設安全」或空殼檢查"
}