{
  "inventory_timestamp": "2026-02-15T16:17:02.424274",
  "project": "SEOBAIKE",
  "patent": "TW-115100981",
  "company": "Xiao Lu Guang Ltd",
  "ceo": "Hsu Chun-Hsiang",
  "git": {
    "repository": "https://github.com/icanforyouthebest-bot/SEOBAIKE",
    "branch": "master",
    "latest_commit": "73653c04549f498eaf6d4b1475e71d6e583f3e3c",
    "latest_commit_time": "2026-02-15 14:43:23 +0800",
    "latest_commit_msg": "release: ten-layer task chain v2.0",
    "total_commits": 30
  },
  "layer_deliverables": {
    "layer_1_task_generation": {
      "scripts": [
        "task_generator.py"
      ],
      "outputs": [
        "tasks/task_list.json"
      ],
      "commit": "fa6e6303a903c99106a4d496ba20f853040f812a",
      "description": "Generate 100 AI tasks with UUID, description, API flags",
      "files": [
        {
          "path": "task_generator.py",
          "exists": true,
          "size_bytes": 5194,
          "modified": "2026-02-15T14:23:10.500537",
          "sha256": "4ffe05c0b8b7d990755c9a7403c38ba85f8631eccf34254861851a175933f52d",
          "line_count": 144
        },
        {
          "path": "tasks/task_list.json",
          "exists": true,
          "size_bytes": 41664,
          "modified": "2026-02-15T14:45:27.883776",
          "sha256": "e2dc6802ac658a11756f7ab1cb22a2a657379ba2ae40ba06b2490e3b3a87e3ca",
          "line_count": 1212
        }
      ],
      "all_present": true
    },
    "layer_2_task_assignment": {
      "scripts": [
        "assign_tasks.py"
      ],
      "outputs": [
        "tasks/assignment_report.json"
      ],
      "commit": "fa6e6303a903c99106a4d496ba20f853040f812a",
      "description": "Distribute 100 tasks to 15 AI legions",
      "files": [
        {
          "path": "assign_tasks.py",
          "exists": true,
          "size_bytes": 6383,
          "modified": "2026-02-15T14:24:54.890691",
          "sha256": "42e1891677fd536850dd2d921103b40b0b94dd0551778e48bcc57d0fa63c6059",
          "line_count": 181
        },
        {
          "path": "tasks/assignment_report.json",
          "exists": true,
          "size_bytes": 32116,
          "modified": "2026-02-15T14:45:28.049268",
          "sha256": "5d351914b35ac8a31fa04bd0699296e1d1c096852625f9468e6cca1a47a7ca25",
          "line_count": 913
        }
      ],
      "all_present": true
    },
    "layer_3_monitoring": {
      "scripts": [
        "monitor_tasks.py"
      ],
      "outputs": [
        "tasks/execution_report.json"
      ],
      "commit": "fa6e6303a903c99106a4d496ba20f853040f812a",
      "description": "Simulate task execution with success/retry/failure",
      "files": [
        {
          "path": "monitor_tasks.py",
          "exists": true,
          "size_bytes": 5152,
          "modified": "2026-02-15T14:27:58.092429",
          "sha256": "27fb76d50df1f753a46ece2d249ed48a00dcd9f4121d1e014a9087e7819e416c",
          "line_count": 151
        },
        {
          "path": "tasks/execution_report.json",
          "exists": true,
          "size_bytes": 37424,
          "modified": "2026-02-15T14:45:28.226911",
          "sha256": "29f2686586dffb52ffb6915d963abec085ca6c0ceb4f326c26b2fad32b6ca890",
          "line_count": 1167
        }
      ],
      "all_present": true
    },
    "layer_4_optimization": {
      "scripts": [
        "optimize_scheduler.py"
      ],
      "outputs": [
        "tasks/optimization_report.md",
        "tasks/optimization_data.json"
      ],
      "commit": "fa6e6303a903c99106a4d496ba20f853040f812a",
      "description": "Dynamic allocation optimization algorithm",
      "files": [
        {
          "path": "optimize_scheduler.py",
          "exists": true,
          "size_bytes": 7932,
          "modified": "2026-02-15T14:28:34.007370",
          "sha256": "c7a68a9b3e9c323ef603e7ef886e64b34d870c8771c4110ddb6ebcdf767fa1e5",
          "line_count": 223
        },
        {
          "path": "tasks/optimization_report.md",
          "exists": true,
          "size_bytes": 3549,
          "modified": "2026-02-15T14:45:28.404414",
          "sha256": "30a2964629184f6e3969c6f29778ac9242cb4318c3f58a93a2889f7286f1a82c",
          "line_count": 102
        },
        {
          "path": "tasks/optimization_data.json",
          "exists": true,
          "size_bytes": 7055,
          "modified": "2026-02-15T14:45:28.408127",
          "sha256": "8b0bd11a0a83814b0259b44596f3560c33b7155212ed56fd106977b9a6604781",
          "line_count": 286
        }
      ],
      "all_present": true
    },
    "layer_5_documentation": {
      "scripts": [],
      "outputs": [
        "docs/white_paper.md",
        "docs/tutorial_script.txt"
      ],
      "commit": "73653c04549f498eaf6d4b1475e71d6e583f3e3c",
      "description": "Technical white paper + tutorial transcript",
      "files": [
        {
          "path": "docs/white_paper.md",
          "exists": true,
          "size_bytes": 14499,
          "modified": "2026-02-15T14:30:42.268687",
          "sha256": "7234e7325aaaa4fa05f02f276280441725f249abbd6c5ffbc2cd6d4d768808df",
          "line_count": 480
        },
        {
          "path": "docs/tutorial_script.txt",
          "exists": true,
          "size_bytes": 11476,
          "modified": "2026-02-15T14:32:00.437055",
          "sha256": "ee13204594097a73a1b578615794590fc54cd7b860f13fbfe8ec1dc48cd8e895",
          "line_count": 342
        }
      ],
      "all_present": true
    },
    "layer_6_comparison": {
      "scripts": [],
      "outputs": [
        "docs/comparative_analysis.md"
      ],
      "commit": "73653c04549f498eaf6d4b1475e71d6e583f3e3c",
      "description": "Cross-era AI comparison analysis",
      "files": [
        {
          "path": "docs/comparative_analysis.md",
          "exists": true,
          "size_bytes": 12708,
          "modified": "2026-02-15T14:33:37.173784",
          "sha256": "871039f0c885e2e69ac488ef0f6385796202a9cdd9709d0fd89c9effa4d4b60e",
          "line_count": 292
        }
      ],
      "all_present": true
    },
    "layer_7_replication": {
      "scripts": [
        "clone_checker.py"
      ],
      "outputs": [
        "docs/self_replication_plan.md",
        "tasks/clone_check_report.json"
      ],
      "commit": "fa6e6303a903c99106a4d496ba20f853040f812a",
      "description": "Self-replication plan + clone detector",
      "files": [
        {
          "path": "clone_checker.py",
          "exists": true,
          "size_bytes": 8088,
          "modified": "2026-02-15T14:29:36.723154",
          "sha256": "f42de21f6c8b5feb7b153fd471b0df54ec5c512335600f9049da48ba0b944ede",
          "line_count": 212
        },
        {
          "path": "docs/self_replication_plan.md",
          "exists": true,
          "size_bytes": 12766,
          "modified": "2026-02-15T14:35:10.816411",
          "sha256": "4a97c11ee46823d356dc1ae64a7061008e97d7a73a0793ca41dbb0ee322bee49",
          "line_count": 392
        },
        {
          "path": "tasks/clone_check_report.json",
          "exists": true,
          "size_bytes": 4569,
          "modified": "2026-02-15T14:45:28.547787",
          "sha256": "7e257c6512f8461202953b8570809c08218e0d0c6f54be3d1071210c922fcf6b",
          "line_count": 155
        }
      ],
      "all_present": true
    },
    "layer_8_defense": {
      "scripts": [],
      "outputs": [
        "docs/defense_strategy.md"
      ],
      "commit": "73653c04549f498eaf6d4b1475e71d6e583f3e3c",
      "description": "Global supremacy defense strategy + debate",
      "files": [
        {
          "path": "docs/defense_strategy.md",
          "exists": true,
          "size_bytes": 24608,
          "modified": "2026-02-15T14:50:31.328506",
          "sha256": "3da83637f23178769d0ceb98cdb9eacefbcb1f6a26341763b84337f607122253",
          "line_count": 502
        }
      ],
      "all_present": true
    },
    "layer_9_security": {
      "scripts": [
        "self_audit.py"
      ],
      "outputs": [
        "docs/security_audit_self.md",
        "tasks/security_audit_report.json"
      ],
      "commit": "fa6e6303a903c99106a4d496ba20f853040f812a",
      "description": "Self security audit (85/100 B grade)",
      "files": [
        {
          "path": "self_audit.py",
          "exists": true,
          "size_bytes": 8756,
          "modified": "2026-02-15T14:30:08.488969",
          "sha256": "ca72b807eeec66de91ae13f3bdd9c7c2ead558530a5f54dc52c6cf0fea3d0f5e",
          "line_count": 233
        },
        {
          "path": "docs/security_audit_self.md",
          "exists": true,
          "size_bytes": 18163,
          "modified": "2026-02-15T14:52:41.235123",
          "sha256": "6f49d8ac13b3d5ae9313ddfd242f27cf9ffa1594593b7d9f26b68e95a5f0fa9d",
          "line_count": 489
        },
        {
          "path": "tasks/security_audit_report.json",
          "exists": true,
          "size_bytes": 7048,
          "modified": "2026-02-15T14:45:28.861937",
          "sha256": "d938550c20916084a9b4978fd32f790471f7ed739a3e0bfbd09bf0d77716e8ca",
          "line_count": 240
        }
      ],
      "all_present": true
    },
    "layer_10_summary": {
      "scripts": [],
      "outputs": [
        "docs/final_summary.md",
        "docs/future_roadmap.md",
        "docs/release_notes.md"
      ],
      "commit": "73653c04549f498eaf6d4b1475e71d6e583f3e3c",
      "description": "Final summary, roadmap, release notes",
      "files": [
        {
          "path": "docs/final_summary.md",
          "exists": true,
          "size_bytes": 13344,
          "modified": "2026-02-15T14:54:22.345220",
          "sha256": "7fcbd79bcb0317cd29231c535cd8e8c1bf9dcf83505c7f923d3c6c3352ebf181",
          "line_count": 303
        },
        {
          "path": "docs/future_roadmap.md",
          "exists": true,
          "size_bytes": 14405,
          "modified": "2026-02-15T14:56:14.651517",
          "sha256": "bae5ea78e1afe9032a5dd18eddd76d4d0e56e396118cac72de8adf155b4b6385",
          "line_count": 430
        },
        {
          "path": "docs/release_notes.md",
          "exists": true,
          "size_bytes": 10419,
          "modified": "2026-02-15T14:57:31.493252",
          "sha256": "cb1613edf4d8e1923169a4ca648fc04f29d79b6b0bc23ecf4a58258502b19211",
          "line_count": 370
        }
      ],
      "all_present": true
    }
  },
  "local_files_summary": {},
  "gap_analysis": []
}